date,year,url,saved_path,status,bytes,sha256
20200129,2020,https://www.federalreserve.gov/monetarypolicy/fomcminutes20200129.htm,minutes_html\2020\fomcminutes-20200129.htm,200,173207,567912a123b53e7c4dabff87a14cfdf3a6e8f074b0f6c8e65eb78e34d9081290
20200315,2020,https://www.federalreserve.gov/monetarypolicy/fomcminutes20200315.htm,minutes_html\2020\fomcminutes-20200315.htm,200,146719,39203c67e8577cabcbd2e70f0a314406d377922a1c106c407ce026aaaff68cd6
20200429,2020,https://www.federalreserve.gov/monetarypolicy/fomcminutes20200429.htm,minutes_html\2020\fomcminutes-20200429.htm,200,143927,082bc191607645e64ae5045b58aa9969bb12179b0ead9ae483a07e763d9b90a8
20200610,2020,https://www.federalreserve.gov/monetarypolicy/fomcminutes20200610.htm,minutes_html\2020\fomcminutes-20200610.htm,200,148832,31c10a5d304c08d23085641b88eabad7a1680cdd19ad3550e7258835957fcd0d
20200729,2020,https://www.federalreserve.gov/monetarypolicy/fomcminutes20200729.htm,minutes_html\2020\fomcminutes-20200729.htm,200,142075,83267cab120a05dde214469ef3424b6f68bf9053a7a941363b21b0778ea6d55f
20200916,2020,https://www.federalreserve.gov/monetarypolicy/fomcminutes20200916.htm,minutes_html\2020\fomcminutes-20200916.htm,200,147503,8577c404827f2d16b31942a5d6d12283ef79b8f0fb34b4b888f1039c8a530cff
20201105,2020,https://www.federalreserve.gov/monetarypolicy/fomcminutes20201105.htm,minutes_html\2020\fomcminutes-20201105.htm,200,144874,12dedb6e42e59969f3185083e570dbdcd5ad73623a2f421f03dc7dba0bdba13a
20201216,2020,https://www.federalreserve.gov/monetarypolicy/fomcminutes20201216.htm,minutes_html\2020\fomcminutes-20201216.htm,200,137144,4740c2057cbf2c08fa6c0a946479df1423a1b2616672ba427477df8885a562b6
20210127,2021,https://www.federalreserve.gov/monetarypolicy/fomcminutes20210127.htm,minutes_html\2021\fomcminutes-20210127.htm,200,169978,6bfa71950def780311db11b65f7b06ca08e189c58a9fd4cb983e70329890e10d
20210317,2021,https://www.federalreserve.gov/monetarypolicy/fomcminutes20210317.htm,minutes_html\2021\fomcminutes-20210317.htm,200,139228,f1f2f734f4e482ff411a9c394b0553f51268b6073b68dca5fb0fde2bb6b2fdad
20210428,2021,https://www.federalreserve.gov/monetarypolicy/fomcminutes20210428.htm,minutes_html\2021\fomcminutes-20210428.htm,200,139899,5b3d5beb315b71b24bd7fdd97f4a06ebfcdbe9ef151b71409d7b1712f61504c8
20210616,2021,https://www.federalreserve.gov/monetarypolicy/fomcminutes20210616.htm,minutes_html\2021\fomcminutes-20210616.htm,200,144834,39b787f941231e977cfc1321a3c5a3d2e1c42ad0d3cbe4acef13609e93b436f4
20210728,2021,https://www.federalreserve.gov/monetarypolicy/fomcminutes20210728.htm,minutes_html\2021\fomcminutes-20210728.htm,200,152018,4b11bcf8996fa9a0bb1d77423450d89bc4859c932c2ad2265c177f04ac9d950a
20210922,2021,https://www.federalreserve.gov/monetarypolicy/fomcminutes20210922.htm,minutes_html\2021\fomcminutes-20210922.htm,200,139469,6762189f5caca88cd0a177291e76467b5bf09a4e7298e64d42f6e3fc17f7d2a3
20211103,2021,https://www.federalreserve.gov/monetarypolicy/fomcminutes20211103.htm,minutes_html\2021\fomcminutes-20211103.htm,200,136697,968bbb78bf22ea8f016131a01be9063ff6e6b0d37f55b0ef257269908c7a73ed
20211215,2021,https://www.federalreserve.gov/monetarypolicy/fomcminutes20211215.htm,minutes_html\2021\fomcminutes-20211215.htm,200,144124,77cc5d1b75be7d6ef7eeff61214fb6d9483cec91fc9929d1015749dba984dd5a
20220126,2022,https://www.federalreserve.gov/monetarypolicy/fomcminutes20220126.htm,minutes_html\2022\fomcminutes-20220126.htm,200,175754,369d2c6768cf168bb131d2a3877cfa52566d099aaeaa213475e6583071c4d071
20220316,2022,https://www.federalreserve.gov/monetarypolicy/fomcminutes20220316.htm,minutes_html\2022\fomcminutes-20220316.htm,200,139167,2a97a9a54b1976552815eb8b602ef93cb26ce0a736521ae0feae6fe53f4cba5d
20220504,2022,https://www.federalreserve.gov/monetarypolicy/fomcminutes20220504.htm,minutes_html\2022\fomcminutes-20220504.htm,200,133647,76ac57b05619c6c35cdf8b091e7219044c43ccbc994d0184dd91e92078e92690
20220615,2022,https://www.federalreserve.gov/monetarypolicy/fomcminutes20220615.htm,minutes_html\2022\fomcminutes-20220615.htm,200,134216,9b0a9c13e9f074a49022022da3330c556eca33dda592ae8235776a83305a5d69
20220727,2022,https://www.federalreserve.gov/monetarypolicy/fomcminutes20220727.htm,minutes_html\2022\fomcminutes-20220727.htm,200,138275,366e6b44254481ea59be10ae2f39b8b090080fe2f1907919017a068b0344930d
20220921,2022,https://www.federalreserve.gov/monetarypolicy/fomcminutes20220921.htm,minutes_html\2022\fomcminutes-20220921.htm,200,133712,a2fc0c6fda8366e218361eb77861e74561ea841c5f69647d8a060093caaaaacf
20221102,2022,https://www.federalreserve.gov/monetarypolicy/fomcminutes20221102.htm,minutes_html\2022\fomcminutes-20221102.htm,200,135435,22b06c30d634c71e5d03da7e19dfcda2eed8c450ee1910d83ceff1c18441865d
20221214,2022,https://www.federalreserve.gov/monetarypolicy/fomcminutes20221214.htm,minutes_html\2022\fomcminutes-20221214.htm,200,133378,961c6052b1f0b9b8c3a9fb446c64bbd8fc2e74c251ccf2827294795ddb031381
20230201,2023,https://www.federalreserve.gov/monetarypolicy/fomcminutes20230201.htm,minutes_html\2023\fomcminutes-20230201.htm,200,142092,545843cf6679a8f225ce157b6e70a8a2f79265b1d470fcd32424ec20770c06be
20230322,2023,https://www.federalreserve.gov/monetarypolicy/fomcminutes20230322.htm,minutes_html\2023\fomcminutes-20230322.htm,200,131660,9f6fa7f04b493e0838d7492f1d7c7816bbb1952fcd53985074d7a04b08522e32
20230503,2023,https://www.federalreserve.gov/monetarypolicy/fomcminutes20230503.htm,minutes_html\2023\fomcminutes-20230503.htm,200,136435,65279d05f31da55fa6181726ac04251b8878a2755549310290dd60a6b8c36e1e
20230614,2023,https://www.federalreserve.gov/monetarypolicy/fomcminutes20230614.htm,minutes_html\2023\fomcminutes-20230614.htm,200,128512,f9705f011db74780b01349744abfd1f6759e47aadf6af872bf06cc66a3b93dd0
20230726,2023,https://www.federalreserve.gov/monetarypolicy/fomcminutes20230726.htm,minutes_html\2023\fomcminutes-20230726.htm,200,127728,731f6b6ae74c182b3e356544f8b1ea5ba7e9cc781187db742ada8710e2f021a9
20230920,2023,https://www.federalreserve.gov/monetarypolicy/fomcminutes20230920.htm,minutes_html\2023\fomcminutes-20230920.htm,200,125272,c40e6e88ce0b445945267b2c5f55d604ea4f231bb6eef248b5d30377f9097fb5
20231101,2023,https://www.federalreserve.gov/monetarypolicy/fomcminutes20231101.htm,minutes_html\2023\fomcminutes-20231101.htm,200,127908,c41efa83dd243fa144fc67a1c392ef6b1bfe0d8ba525a1c05e5d8d0f230ddafd
20231213,2023,https://www.federalreserve.gov/monetarypolicy/fomcminutes20231213.htm,minutes_html\2023\fomcminutes-20231213.htm,200,127290,5bd860e1ea57eb0c9a6425e16e748300c84d9fba758708347d5b0cca27e0d22f
20240131,2024,https://www.federalreserve.gov/monetarypolicy/fomcminutes20240131.htm,minutes_html\2024\fomcminutes-20240131.htm,200,134236,423a6d7c199db819e556300be729222e5a88e6a590741e4683c58a06b310f17b
20240320,2024,https://www.federalreserve.gov/monetarypolicy/fomcminutes20240320.htm,minutes_html\2024\fomcminutes-20240320.htm,200,130108,25cc762eb2de304d7dab6a00cc625710c518ae09d469c1c5f41ea8755bf50020
20240501,2024,https://www.federalreserve.gov/monetarypolicy/fomcminutes20240501.htm,minutes_html\2024\fomcminutes-20240501.htm,200,129220,a75873db0879963db46b2f77ba58ca43df3d54e708c8312c5d739552d752707e
20240612,2024,https://www.federalreserve.gov/monetarypolicy/fomcminutes20240612.htm,minutes_html\2024\fomcminutes-20240612.htm,200,125227,6347005e602316da3595c211bb9e8bdf34e322bd1c6aec507070f21c69b9a91f
20240731,2024,https://www.federalreserve.gov/monetarypolicy/fomcminutes20240731.htm,minutes_html\2024\fomcminutes-20240731.htm,200,126300,4c5253ea95800551d0043bbd30e082f8a1ea88fe7710dd3f6c5511049115b5e5
20240918,2024,https://www.federalreserve.gov/monetarypolicy/fomcminutes20240918.htm,minutes_html\2024\fomcminutes-20240918.htm,200,125626,a7e6622ff08f473e4e80e4da3e94c6eea083a58133347605173d968415e840d6
20241107,2024,https://www.federalreserve.gov/monetarypolicy/fomcminutes20241107.htm,minutes_html\2024\fomcminutes-20241107.htm,200,130838,eba863a69002f98ce22985cb2210edfc4acce4e475c3617a5092f108fd8228ee
20241218,2024,https://www.federalreserve.gov/monetarypolicy/fomcminutes20241218.htm,minutes_html\2024\fomcminutes-20241218.htm,200,127458,c443f51e53b4a1a9d3bffcbc10652a61d62a669948b1fac3c6b28d964a79638d
20250129,2025,https://www.federalreserve.gov/monetarypolicy/fomcminutes20250129.htm,minutes_html\2025\fomcminutes-20250129.htm,200,139130,1ca6773f4611454eedef867554cc7743e7273f36c2d331fc0756ce31b33d7cd2
20250319,2025,https://www.federalreserve.gov/monetarypolicy/fomcminutes20250319.htm,minutes_html\2025\fomcminutes-20250319.htm,200,130560,ef431c161b3764c7ac948378a8f0a518f0b751d3d137d346d7f0220c703ac5eb
20250507,2025,https://www.federalreserve.gov/monetarypolicy/fomcminutes20250507.htm,minutes_html\2025\fomcminutes-20250507.htm,200,132766,60988523d39f1d2a70f5388aab13ab1e26b6774bac20ec05312f0a2a6d368706
20250618,2025,https://www.federalreserve.gov/monetarypolicy/fomcminutes20250618.htm,minutes_html\2025\fomcminutes-20250618.htm,200,129418,b941bc36b288dbcba1dbc9d6c1d68f8c32a0d6a1e8d39da0aed2a6f26e6de322
20250730,2025,https://www.federalreserve.gov/monetarypolicy/fomcminutes20250730.htm,minutes_html\2025\fomcminutes-20250730.htm,200,129513,8863c20f177dcc2af14325423ffa04e3d5626e0ff0c877e53cb02818204ee357
20250917,2025,https://www.federalreserve.gov/monetarypolicy/fomcminutes20250917.htm,minutes_html\2025\fomcminutes-20250917.htm,200,122917,1e1d8d8281489534024bac0e292c6475efc4a35459f05e524f553550895d2d19
20251029,2025,https://www.federalreserve.gov/monetarypolicy/fomcminutes20251029.htm,minutes_html\2025\fomcminutes-20251029.htm,200,138583,14e1c0e6e6ad45b2e44baadeb59722950ae5d4f505c8d2cc6aee81fbed91b5f5
